<?xml version="1.0"?>
<ServerConfiguration xmlns:xsi="http://www.w3.org/2001/XMLSchema-instance" xmlns:xsd="http://www.w3.org/2001/XMLSchema">
  <EnableDebugLevelLogging>false</EnableDebugLevelLogging>
  <EnableAutoUpdate>true</EnableAutoUpdate>
  <LogFileRetentionDays>3</LogFileRetentionDays>
  <RunAtStartup>true</RunAtStartup>
  <IsStartupWizardCompleted>true</IsStartupWizardCompleted>
  <CachePath />
  <EnableUPnP>false</EnableUPnP>
  <PublicPort>8096</PublicPort>
  <PublicHttpsPort>8920</PublicHttpsPort>
  <HttpServerPortNumber>8096</HttpServerPortNumber>
  <HttpsPortNumber>8920</HttpsPortNumber>
  <EnableHttps>false</EnableHttps>
  <EnableNormalizedItemByNameIds>true</EnableNormalizedItemByNameIds>
  <IsPortAuthorized>true</IsPortAuthorized>
  <AutoRunWebApp>true</AutoRunWebApp>
  <EnableRemoteAccess>false</EnableRemoteAccess>
  <CameraUploadUpgraded>true</CameraUploadUpgraded>
  <CollectionsUpgraded>true</CollectionsUpgraded>
  <EnableCaseSensitiveItemIds>true</EnableCaseSensitiveItemIds>
  <DisableLiveTvChannelUserDataName>true</DisableLiveTvChannelUserDataName>
  <PreferredMetadataLanguage>en</PreferredMetadataLanguage>
  <MetadataCountryCode>US</MetadataCountryCode>
  <SortReplaceCharacters>
    <string>.</string>
    <string>+</string>
    <string>%</string>
  </SortReplaceCharacters>
  <SortRemoveCharacters>
    <string>,</string>
    <string>&amp;</string>
    <string>-</string>
    <string>{</string>
    <string>}</string>
    <string>'</string>
  </SortRemoveCharacters>
  <SortRemoveWords>
    <string>the</string>
    <string>a</string>
    <string>an</string>
  </SortRemoveWords>
  <MinResumePct>5</MinResumePct>
  <MaxResumePct>90</MaxResumePct>
  <MinResumeDurationSeconds>300</MinResumeDurationSeconds>
  <LibraryMonitorDelay>60</LibraryMonitorDelay>
  <EnableDashboardResponseCaching>true</EnableDashboardResponseCaching>
  <ImageSavingConvention>Compatible</ImageSavingConvention>
  <MetadataOptions>
    <MetadataOptions>
      <ItemType>Book</ItemType>
      <DisabledMetadataSavers />
      <LocalMetadataReaderOrder />
      <DisabledMetadataFetchers />
      <MetadataFetcherOrder />
      <DisabledImageFetchers />
      <ImageFetcherOrder />
    </MetadataOptions>
    <MetadataOptions>
      <ItemType>Movie</ItemType>
      <DisabledMetadataSavers />
      <LocalMetadataReaderOrder />
      <DisabledMetadataFetchers />
      <MetadataFetcherOrder />
      <DisabledImageFetchers />
      <ImageFetcherOrder />
    </MetadataOptions>
    <MetadataOptions>
      <ItemType>MusicVideo</ItemType>
      <DisabledMetadataSavers />
      <LocalMetadataReaderOrder />
      <DisabledMetadataFetchers>
        <string>The Open Movie Database</string>
      </DisabledMetadataFetchers>
      <MetadataFetcherOrder />
      <DisabledImageFetchers>
        <string>The Open Movie Database</string>
        <string>FanArt</string>
      </DisabledImageFetchers>
      <ImageFetcherOrder />
    </MetadataOptions>
    <MetadataOptions>
      <ItemType>Series</ItemType>
      <DisabledMetadataSavers />
      <LocalMetadataReaderOrder />
      <DisabledMetadataFetchers>
        <string>TheMovieDb</string>
      </DisabledMetadataFetchers>
      <MetadataFetcherOrder />
      <DisabledImageFetchers>
        <string>TheMovieDb</string>
      </DisabledImageFetchers>
      <ImageFetcherOrder />
    </MetadataOptions>
    <MetadataOptions>
      <ItemType>MusicAlbum</ItemType>
      <DisabledMetadataSavers />
      <LocalMetadataReaderOrder />
      <DisabledMetadataFetchers>
        <string>TheAudioDB</string>
      </DisabledMetadataFetchers>
      <MetadataFetcherOrder />
      <DisabledImageFetchers />
      <ImageFetcherOrder />
    </MetadataOptions>
    <MetadataOptions>
      <ItemType>MusicArtist</ItemType>
      <DisabledMetadataSavers />
      <LocalMetadataReaderOrder />
      <DisabledMetadataFetchers>
        <string>TheAudioDB</string>
      </DisabledMetadataFetchers>
      <MetadataFetcherOrder />
      <DisabledImageFetchers />
      <ImageFetcherOrder />
    </MetadataOptions>
    <MetadataOptions>
      <ItemType>BoxSet</ItemType>
      <DisabledMetadataSavers />
      <LocalMetadataReaderOrder />
      <DisabledMetadataFetchers />
      <MetadataFetcherOrder />
      <DisabledImageFetchers />
      <ImageFetcherOrder />
    </MetadataOptions>
    <MetadataOptions>
      <ItemType>Season</ItemType>
      <DisabledMetadataSavers />
      <LocalMetadataReaderOrder />
      <DisabledMetadataFetchers>
        <string>TheMovieDb</string>
      </DisabledMetadataFetchers>
      <MetadataFetcherOrder />
      <DisabledImageFetchers>
        <string>FanArt</string>
      </DisabledImageFetchers>
      <ImageFetcherOrder />
    </MetadataOptions>
    <MetadataOptions>
      <ItemType>Episode</ItemType>
      <DisabledMetadataSavers />
      <LocalMetadataReaderOrder />
      <DisabledMetadataFetchers>
        <string>The Open Movie Database</string>
        <string>TheMovieDb</string>
      </DisabledMetadataFetchers>
      <MetadataFetcherOrder />
      <DisabledImageFetchers>
        <string>The Open Movie Database</string>
        <string>TheMovieDb</string>
      </DisabledImageFetchers>
      <ImageFetcherOrder />
    </MetadataOptions>
  </MetadataOptions>
  <EnableAutomaticRestart>false</EnableAutomaticRestart>
  <SkipDeserializationForBasicTypes>true</SkipDeserializationForBasicTypes>
  <UICulture>en-US</UICulture>
  <SaveMetadataHidden>false</SaveMetadataHidden>
  <ContentTypes />
  <RemoteClientBitrateLimit>0</RemoteClientBitrateLimit>
  <SchemaVersion>0</SchemaVersion>
  <EnableAnonymousUsageReporting>false</EnableAnonymousUsageReporting>
  <EnableFolderView>false</EnableFolderView>
  <EnableGroupingIntoCollections>false</EnableGroupingIntoCollections>
  <DisplaySpecialsWithinSeasons>true</DisplaySpecialsWithinSeasons>
  <LocalNetworkSubnets />
  <LocalNetworkAddresses />
  <CodecsUsed />
  <EnableExternalContentInSuggestions>true</EnableExternalContentInSuggestions>
  <RequireHttps>false</RequireHttps>
  <IsBehindProxy>false</IsBehindProxy>
  <EnableNewOmdbSupport>true</EnableNewOmdbSupport>
  <RemoteIPFilter />
  <IsRemoteIPFilterBlacklist>false</IsRemoteIPFilterBlacklist>
  <ImageExtractionTimeoutMs>0</ImageExtractionTimeoutMs>
  <PathSubstitutions />
  <EnableSimpleArtistDetection>true</EnableSimpleArtistDetection>
  <UninstalledPlugins />
</ServerConfiguration>