<?xml version="1.0"?>
<UserPolicy xmlns:xsi="http://www.w3.org/2001/XMLSchema-instance" xmlns:xsd="http://www.w3.org/2001/XMLSchema">
  <IsAdministrator>true</IsAdministrator>
  <IsHidden>true</IsHidden>
  <IsDisabled>false</IsDisabled>
  <MaxParentalRating xsi:nil="true" />
  <BlockedTags />
  <EnableUserPreferenceAccess>true</EnableUserPreferenceAccess>
  <AccessSchedules />
  <BlockUnratedItems />
  <EnableRemoteControlOfOtherUsers>true</EnableRemoteControlOfOtherUsers>
  <EnableSharedDeviceControl>true</EnableSharedDeviceControl>
  <EnableRemoteAccess>true</EnableRemoteAccess>
  <EnableLiveTvManagement>true</EnableLiveTvManagement>
  <EnableLiveTvAccess>true</EnableLiveTvAccess>
  <EnableMediaPlayback>true</EnableMediaPlayback>
  <EnableAudioPlaybackTranscoding>true</EnableAudioPlaybackTranscoding>
  <EnableVideoPlaybackTranscoding>true</EnableVideoPlaybackTranscoding>
  <EnablePlaybackRemuxing>true</EnablePlaybackRemuxing>
  <EnableContentDeletion>true</EnableContentDeletion>
  <EnableContentDeletionFromFolders />
  <EnableContentDownloading>true</EnableContentDownloading>
  <EnableSyncTranscoding>true</EnableSyncTranscoding>
  <EnableMediaConversion>true</EnableMediaConversion>
  <EnabledDevices />
  <EnableAllDevices>true</EnableAllDevices>
  <EnabledChannels />
  <EnableAllChannels>true</EnableAllChannels>
  <EnabledFolders />
  <EnableAllFolders>true</EnableAllFolders>
  <InvalidLoginAttemptCount>0</InvalidLoginAttemptCount>
  <EnablePublicSharing>true</EnablePublicSharing>
  <RemoteClientBitrateLimit>0</RemoteClientBitrateLimit>
  <AuthenticationProviderId>Emby.Server.Implementations.Library.DefaultAuthenticationProvider</AuthenticationProviderId>
</UserPolicy>