<?xml version="1.0"?>
<Profile xmlns:xsi="http://www.w3.org/2001/XMLSchema-instance" xmlns:xsd="http://www.w3.org/2001/XMLSchema">
  <Name>Popcorn Hour</Name>
  <Manufacturer>Emby</Manufacturer>
  <ManufacturerUrl>https://emby.media</ManufacturerUrl>
  <ModelName>Emby Server</ModelName>
  <ModelDescription>UPnP/AV 1.0 Compliant Media Server</ModelDescription>
  <ModelNumber>01</ModelNumber>
  <ModelUrl>https://emby.media</ModelUrl>
  <EnableAlbumArtInDidl>false</EnableAlbumArtInDidl>
  <EnableSingleAlbumArtLimit>false</EnableSingleAlbumArtLimit>
  <EnableSingleSubtitleLimit>false</EnableSingleSubtitleLimit>
  <SupportedMediaTypes>Audio,Photo,Video</SupportedMediaTypes>
  <AlbumArtPn>JPEG_SM</AlbumArtPn>
  <MaxAlbumArtWidth>480</MaxAlbumArtWidth>
  <MaxAlbumArtHeight>480</MaxAlbumArtHeight>
  <MaxIconWidth>48</MaxIconWidth>
  <MaxIconHeight>48</MaxIconHeight>
  <MaxStreamingBitrate>140000000</MaxStreamingBitrate>
  <MaxStaticBitrate>140000000</MaxStaticBitrate>
  <MusicStreamingTranscodingBitrate>192000</MusicStreamingTranscodingBitrate>
  <MaxStaticMusicBitrate xsi:nil="true" />
  <ProtocolInfo>http-get:*:video/mpeg:*,http-get:*:video/mp4:*,http-get:*:video/vnd.dlna.mpeg-tts:*,http-get:*:video/avi:*,http-get:*:video/x-matroska:*,http-get:*:video/x-ms-wmv:*,http-get:*:video/wtv:*,http-get:*:audio/mpeg:*,http-get:*:audio/mp3:*,http-get:*:audio/mp4:*,http-get:*:audio/x-ms-wma*,http-get:*:audio/wav:*,http-get:*:audio/L16:*,http-get:*image/jpeg:*,http-get:*image/png:*,http-get:*image/gif:*,http-get:*image/tiff:*</ProtocolInfo>
  <TimelineOffsetSeconds>0</TimelineOffsetSeconds>
  <RequiresPlainVideoItems>false</RequiresPlainVideoItems>
  <RequiresPlainFolders>false</RequiresPlainFolders>
  <EnableMSMediaReceiverRegistrar>false</EnableMSMediaReceiverRegistrar>
  <IgnoreTranscodeByteRangeRequests>false</IgnoreTranscodeByteRangeRequests>
  <XmlRootAttributes />
  <DirectPlayProfiles>
    <DirectPlayProfile container="mp4,mov,m4v" audioCodec="aac" videoCodec="h264,mpeg4" type="Video" />
    <DirectPlayProfile container="ts,mpegts" audioCodec="aac,ac3,eac3,mp3,mp2,pcm" videoCodec="h264" type="Video" />
    <DirectPlayProfile container="asf,wmv" audioCodec="wmav2,wmapro" videoCodec="wmv3,vc1" type="Video" />
    <DirectPlayProfile container="avi" audioCodec="mp3,ac3,eac3,mp2,pcm" videoCodec="mpeg4,msmpeg4" type="Video" />
    <DirectPlayProfile container="mkv" audioCodec="aac,mp3,ac3,eac3,mp2,pcm" videoCodec="h264" type="Video" />
    <DirectPlayProfile container="aac,mp3,flac,ogg,wma,wav" type="Audio" />
    <DirectPlayProfile container="jpeg,gif,bmp,png" type="Photo" />
  </DirectPlayProfiles>
  <TranscodingProfiles>
    <TranscodingProfile container="mp3" type="Audio" audioCodec="mp3" estimateContentLength="false" enableMpegtsM2TsMode="false" transcodeSeekInfo="Auto" copyTimestamps="false" context="Streaming" enableSubtitlesInManifest="false" minSegments="0" segmentLength="0" breakOnNonKeyFrames="false" />
    <TranscodingProfile container="mp4" type="Video" videoCodec="h264" audioCodec="aac" estimateContentLength="false" enableMpegtsM2TsMode="false" transcodeSeekInfo="Auto" copyTimestamps="false" context="Streaming" enableSubtitlesInManifest="false" minSegments="0" segmentLength="0" breakOnNonKeyFrames="false" />
    <TranscodingProfile container="jpeg" type="Photo" estimateContentLength="false" enableMpegtsM2TsMode="false" transcodeSeekInfo="Auto" copyTimestamps="false" context="Streaming" enableSubtitlesInManifest="false" minSegments="0" segmentLength="0" breakOnNonKeyFrames="false" />
  </TranscodingProfiles>
  <ContainerProfiles />
  <CodecProfiles>
    <CodecProfile type="Video" codec="h264">
      <Conditions>
        <ProfileCondition condition="EqualsAny" property="VideoProfile" value="baseline|constrained baseline" isRequired="false" />
        <ProfileCondition condition="LessThanEqual" property="Width" value="1920" isRequired="true" />
        <ProfileCondition condition="LessThanEqual" property="Height" value="1080" isRequired="true" />
        <ProfileCondition condition="NotEquals" property="IsAnamorphic" value="true" isRequired="false" />
      </Conditions>
      <ApplyConditions />
    </CodecProfile>
    <CodecProfile type="Video">
      <Conditions>
        <ProfileCondition condition="LessThanEqual" property="Width" value="1920" isRequired="true" />
        <ProfileCondition condition="LessThanEqual" property="Height" value="1080" isRequired="true" />
        <ProfileCondition condition="NotEquals" property="IsAnamorphic" value="true" isRequired="false" />
      </Conditions>
      <ApplyConditions />
    </CodecProfile>
    <CodecProfile type="VideoAudio" codec="aac">
      <Conditions>
        <ProfileCondition condition="LessThanEqual" property="AudioChannels" value="2" isRequired="false" />
      </Conditions>
      <ApplyConditions />
    </CodecProfile>
    <CodecProfile type="Audio" codec="aac">
      <Conditions>
        <ProfileCondition condition="LessThanEqual" property="AudioChannels" value="2" isRequired="false" />
      </Conditions>
      <ApplyConditions />
    </CodecProfile>
    <CodecProfile type="Audio" codec="mp3">
      <Conditions>
        <ProfileCondition condition="LessThanEqual" property="AudioChannels" value="2" isRequired="false" />
        <ProfileCondition condition="LessThanEqual" property="AudioBitrate" value="320000" isRequired="false" />
      </Conditions>
      <ApplyConditions />
    </CodecProfile>
  </CodecProfiles>
  <ResponseProfiles>
    <ResponseProfile container="m4v" type="Video" mimeType="video/mp4">
      <Conditions />
    </ResponseProfile>
  </ResponseProfiles>
  <SubtitleProfiles>
    <SubtitleProfile format="srt" method="Embed" />
  </SubtitleProfiles>
</Profile>