<?xml version="1.0"?>
<Profile xmlns:xsi="http://www.w3.org/2001/XMLSchema-instance" xmlns:xsd="http://www.w3.org/2001/XMLSchema">
  <Name>Sharp Smart TV</Name>
  <Identification>
    <Manufacturer>Sharp</Manufacturer>
    <Headers>
      <HttpHeaderInfo name="User-Agent" value="Sharp" match="Substring" />
    </Headers>
  </Identification>
  <Manufacturer>Emby</Manufacturer>
  <ManufacturerUrl>https://emby.media</ManufacturerUrl>
  <ModelName>Emby Server</ModelName>
  <ModelDescription>UPnP/AV 1.0 Compliant Media Server</ModelDescription>
  <ModelNumber>01</ModelNumber>
  <ModelUrl>https://emby.media</ModelUrl>
  <EnableAlbumArtInDidl>false</EnableAlbumArtInDidl>
  <EnableSingleAlbumArtLimit>false</EnableSingleAlbumArtLimit>
  <EnableSingleSubtitleLimit>false</EnableSingleSubtitleLimit>
  <SupportedMediaTypes>Audio,Photo,Video</SupportedMediaTypes>
  <AlbumArtPn>JPEG_SM</AlbumArtPn>
  <MaxAlbumArtWidth>480</MaxAlbumArtWidth>
  <MaxAlbumArtHeight>480</MaxAlbumArtHeight>
  <MaxIconWidth>48</MaxIconWidth>
  <MaxIconHeight>48</MaxIconHeight>
  <MaxStreamingBitrate>140000000</MaxStreamingBitrate>
  <MaxStaticBitrate>140000000</MaxStaticBitrate>
  <MusicStreamingTranscodingBitrate>192000</MusicStreamingTranscodingBitrate>
  <MaxStaticMusicBitrate xsi:nil="true" />
  <ProtocolInfo>http-get:*:video/mpeg:*,http-get:*:video/mp4:*,http-get:*:video/vnd.dlna.mpeg-tts:*,http-get:*:video/avi:*,http-get:*:video/x-matroska:*,http-get:*:video/x-ms-wmv:*,http-get:*:video/wtv:*,http-get:*:audio/mpeg:*,http-get:*:audio/mp3:*,http-get:*:audio/mp4:*,http-get:*:audio/x-ms-wma*,http-get:*:audio/wav:*,http-get:*:audio/L16:*,http-get:*image/jpeg:*,http-get:*image/png:*,http-get:*image/gif:*,http-get:*image/tiff:*</ProtocolInfo>
  <TimelineOffsetSeconds>0</TimelineOffsetSeconds>
  <RequiresPlainVideoItems>true</RequiresPlainVideoItems>
  <RequiresPlainFolders>true</RequiresPlainFolders>
  <EnableMSMediaReceiverRegistrar>false</EnableMSMediaReceiverRegistrar>
  <IgnoreTranscodeByteRangeRequests>false</IgnoreTranscodeByteRangeRequests>
  <XmlRootAttributes />
  <DirectPlayProfiles>
    <DirectPlayProfile container="m4v,mkv,avi,mov,mp4" audioCodec="aac,mp3,ac3,dts,dca" videoCodec="h264,mpeg4" type="Video" />
    <DirectPlayProfile container="asf,wmv" type="Video" />
    <DirectPlayProfile container="mpg,mpeg" audioCodec="mp3,aac" videoCodec="mpeg2video" type="Video" />
    <DirectPlayProfile container="flv" audioCodec="mp3,aac" videoCodec="h264" type="Video" />
    <DirectPlayProfile container="mp3,wav" type="Audio" />
  </DirectPlayProfiles>
  <TranscodingProfiles>
    <TranscodingProfile container="mp3" type="Audio" audioCodec="mp3" estimateContentLength="false" enableMpegtsM2TsMode="false" transcodeSeekInfo="Auto" copyTimestamps="false" context="Streaming" enableSubtitlesInManifest="false" minSegments="0" segmentLength="0" breakOnNonKeyFrames="false" />
    <TranscodingProfile container="ts" type="Video" videoCodec="h264" audioCodec="ac3,aac,mp3,dts,dca" estimateContentLength="false" enableMpegtsM2TsMode="true" transcodeSeekInfo="Auto" copyTimestamps="false" context="Streaming" enableSubtitlesInManifest="false" minSegments="0" segmentLength="0" breakOnNonKeyFrames="false" />
    <TranscodingProfile container="jpeg" type="Photo" estimateContentLength="false" enableMpegtsM2TsMode="false" transcodeSeekInfo="Auto" copyTimestamps="false" context="Streaming" enableSubtitlesInManifest="false" minSegments="0" segmentLength="0" breakOnNonKeyFrames="false" />
  </TranscodingProfiles>
  <ContainerProfiles />
  <CodecProfiles />
  <ResponseProfiles>
    <ResponseProfile container="m4v" type="Video" mimeType="video/mp4">
      <Conditions />
    </ResponseProfile>
  </ResponseProfiles>
  <SubtitleProfiles>
    <SubtitleProfile format="srt" method="Embed" />
    <SubtitleProfile format="srt" method="External" />
  </SubtitleProfiles>
</Profile>