<?xml version="1.0"?>
<Profile xmlns:xsi="http://www.w3.org/2001/XMLSchema-instance" xmlns:xsd="http://www.w3.org/2001/XMLSchema">
  <Name>Sony PlayStation 3</Name>
  <Identification>
    <FriendlyName>PLAYSTATION 3</FriendlyName>
    <Headers>
      <HttpHeaderInfo name="User-Agent" value="PLAYSTATION 3" match="Substring" />
      <HttpHeaderInfo name="X-AV-Client-Info" value="PLAYSTATION 3" match="Substring" />
    </Headers>
  </Identification>
  <Manufacturer>Emby</Manufacturer>
  <ManufacturerUrl>https://emby.media</ManufacturerUrl>
  <ModelName>Emby Server</ModelName>
  <ModelDescription>UPnP/AV 1.0 Compliant Media Server</ModelDescription>
  <ModelNumber>01</ModelNumber>
  <ModelUrl>https://emby.media</ModelUrl>
  <EnableAlbumArtInDidl>false</EnableAlbumArtInDidl>
  <EnableSingleAlbumArtLimit>true</EnableSingleAlbumArtLimit>
  <EnableSingleSubtitleLimit>false</EnableSingleSubtitleLimit>
  <SupportedMediaTypes>Audio,Photo,Video</SupportedMediaTypes>
  <AlbumArtPn>JPEG_TN</AlbumArtPn>
  <MaxAlbumArtWidth>480</MaxAlbumArtWidth>
  <MaxAlbumArtHeight>480</MaxAlbumArtHeight>
  <MaxIconWidth>48</MaxIconWidth>
  <MaxIconHeight>48</MaxIconHeight>
  <MaxStreamingBitrate>140000000</MaxStreamingBitrate>
  <MaxStaticBitrate>140000000</MaxStaticBitrate>
  <MusicStreamingTranscodingBitrate>192000</MusicStreamingTranscodingBitrate>
  <MaxStaticMusicBitrate xsi:nil="true" />
  <SonyAggregationFlags>10</SonyAggregationFlags>
  <ProtocolInfo>http-get:*:video/mpeg:*,http-get:*:video/mp4:*,http-get:*:video/vnd.dlna.mpeg-tts:*,http-get:*:video/avi:*,http-get:*:video/x-matroska:*,http-get:*:video/x-ms-wmv:*,http-get:*:video/wtv:*,http-get:*:audio/mpeg:*,http-get:*:audio/mp3:*,http-get:*:audio/mp4:*,http-get:*:audio/x-ms-wma*,http-get:*:audio/wav:*,http-get:*:audio/L16:*,http-get:*image/jpeg:*,http-get:*image/png:*,http-get:*image/gif:*,http-get:*image/tiff:*</ProtocolInfo>
  <TimelineOffsetSeconds>0</TimelineOffsetSeconds>
  <RequiresPlainVideoItems>false</RequiresPlainVideoItems>
  <RequiresPlainFolders>false</RequiresPlainFolders>
  <EnableMSMediaReceiverRegistrar>false</EnableMSMediaReceiverRegistrar>
  <IgnoreTranscodeByteRangeRequests>false</IgnoreTranscodeByteRangeRequests>
  <XmlRootAttributes />
  <DirectPlayProfiles>
    <DirectPlayProfile container="avi" audioCodec="mp2,mp3" videoCodec="mpeg4" type="Video" />
    <DirectPlayProfile container="ts,mpegts" audioCodec="ac3,mp2,mp3,aac" videoCodec="mpeg1video,mpeg2video,h264" type="Video" />
    <DirectPlayProfile container="mpeg" audioCodec="mp2" videoCodec="mpeg1video,mpeg2video" type="Video" />
    <DirectPlayProfile container="mp4" audioCodec="aac,ac3" videoCodec="h264,mpeg4" type="Video" />
    <DirectPlayProfile container="aac,mp3,wav" type="Audio" />
    <DirectPlayProfile container="jpeg,png,gif,bmp,tiff" type="Photo" />
  </DirectPlayProfiles>
  <TranscodingProfiles>
    <TranscodingProfile container="mp3" type="Audio" audioCodec="mp3" estimateContentLength="false" enableMpegtsM2TsMode="false" transcodeSeekInfo="Auto" copyTimestamps="false" context="Streaming" enableSubtitlesInManifest="false" minSegments="0" segmentLength="0" breakOnNonKeyFrames="false" />
    <TranscodingProfile container="ts" type="Video" videoCodec="h264" audioCodec="ac3,aac,mp3" estimateContentLength="false" enableMpegtsM2TsMode="false" transcodeSeekInfo="Auto" copyTimestamps="false" context="Streaming" enableSubtitlesInManifest="false" minSegments="0" segmentLength="0" breakOnNonKeyFrames="false" />
    <TranscodingProfile container="jpeg" type="Photo" estimateContentLength="false" enableMpegtsM2TsMode="false" transcodeSeekInfo="Auto" copyTimestamps="false" context="Streaming" enableSubtitlesInManifest="false" minSegments="0" segmentLength="0" breakOnNonKeyFrames="false" />
  </TranscodingProfiles>
  <ContainerProfiles>
    <ContainerProfile type="Photo">
      <Conditions>
        <ProfileCondition condition="LessThanEqual" property="Width" value="1920" isRequired="true" />
        <ProfileCondition condition="LessThanEqual" property="Height" value="1080" isRequired="true" />
      </Conditions>
    </ContainerProfile>
  </ContainerProfiles>
  <CodecProfiles>
    <CodecProfile type="Video" codec="h264">
      <Conditions>
        <ProfileCondition condition="LessThanEqual" property="Width" value="1920" isRequired="true" />
        <ProfileCondition condition="LessThanEqual" property="Height" value="1080" isRequired="true" />
        <ProfileCondition condition="LessThanEqual" property="VideoFramerate" value="30" isRequired="false" />
        <ProfileCondition condition="LessThanEqual" property="VideoBitrate" value="15360000" isRequired="false" />
        <ProfileCondition condition="LessThanEqual" property="VideoLevel" value="41" isRequired="false" />
      </Conditions>
      <ApplyConditions />
    </CodecProfile>
    <CodecProfile type="VideoAudio" codec="ac3">
      <Conditions>
        <ProfileCondition condition="LessThanEqual" property="AudioChannels" value="6" isRequired="false" />
        <ProfileCondition condition="LessThanEqual" property="AudioBitrate" value="640000" isRequired="false" />
      </Conditions>
      <ApplyConditions />
    </CodecProfile>
    <CodecProfile type="VideoAudio" codec="wmapro">
      <Conditions>
        <ProfileCondition condition="LessThanEqual" property="AudioChannels" value="2" isRequired="true" />
      </Conditions>
      <ApplyConditions />
    </CodecProfile>
    <CodecProfile type="VideoAudio" codec="aac">
      <Conditions>
        <ProfileCondition condition="NotEquals" property="AudioProfile" value="he-aac" isRequired="false" />
      </Conditions>
      <ApplyConditions />
    </CodecProfile>
  </CodecProfiles>
  <ResponseProfiles>
    <ResponseProfile container="mp4,mov" audioCodec="aac" type="Video" mimeType="video/mp4">
      <Conditions />
    </ResponseProfile>
    <ResponseProfile container="avi" type="Video" orgPn="AVI" mimeType="video/divx">
      <Conditions />
    </ResponseProfile>
    <ResponseProfile container="wav" type="Audio" mimeType="audio/wav">
      <Conditions />
    </ResponseProfile>
  </ResponseProfiles>
  <SubtitleProfiles>
    <SubtitleProfile format="srt" method="Embed" />
  </SubtitleProfiles>
</Profile>