<?xml version="1.0"?>
<Profile xmlns:xsi="http://www.w3.org/2001/XMLSchema-instance" xmlns:xsd="http://www.w3.org/2001/XMLSchema">
  <Name>Xbox One</Name>
  <Identification>
    <ModelName>Xbox One</ModelName>
    <Headers>
      <HttpHeaderInfo name="FriendlyName.DLNA.ORG" value="XboxOne" match="Substring" />
      <HttpHeaderInfo name="User-Agent" value="NSPlayer/12" match="Substring" />
    </Headers>
  </Identification>
  <Manufacturer>Emby</Manufacturer>
  <ManufacturerUrl>https://emby.media</ManufacturerUrl>
  <ModelName>Emby Server</ModelName>
  <ModelDescription>UPnP/AV 1.0 Compliant Media Server</ModelDescription>
  <ModelNumber>01</ModelNumber>
  <ModelUrl>https://emby.media</ModelUrl>
  <EnableAlbumArtInDidl>false</EnableAlbumArtInDidl>
  <EnableSingleAlbumArtLimit>false</EnableSingleAlbumArtLimit>
  <EnableSingleSubtitleLimit>false</EnableSingleSubtitleLimit>
  <SupportedMediaTypes>Audio,Photo,Video</SupportedMediaTypes>
  <AlbumArtPn>JPEG_SM</AlbumArtPn>
  <MaxAlbumArtWidth>480</MaxAlbumArtWidth>
  <MaxAlbumArtHeight>480</MaxAlbumArtHeight>
  <MaxIconWidth>48</MaxIconWidth>
  <MaxIconHeight>48</MaxIconHeight>
  <MaxStreamingBitrate>140000000</MaxStreamingBitrate>
  <MaxStaticBitrate>140000000</MaxStaticBitrate>
  <MusicStreamingTranscodingBitrate>192000</MusicStreamingTranscodingBitrate>
  <MaxStaticMusicBitrate xsi:nil="true" />
  <ProtocolInfo>http-get:*:video/mpeg:*,http-get:*:video/mp4:*,http-get:*:video/vnd.dlna.mpeg-tts:*,http-get:*:video/avi:*,http-get:*:video/x-matroska:*,http-get:*:video/x-ms-wmv:*,http-get:*:video/wtv:*,http-get:*:audio/mpeg:*,http-get:*:audio/mp3:*,http-get:*:audio/mp4:*,http-get:*:audio/x-ms-wma*,http-get:*:audio/wav:*,http-get:*:audio/L16:*,http-get:*image/jpeg:*,http-get:*image/png:*,http-get:*image/gif:*,http-get:*image/tiff:*</ProtocolInfo>
  <TimelineOffsetSeconds>40</TimelineOffsetSeconds>
  <RequiresPlainVideoItems>false</RequiresPlainVideoItems>
  <RequiresPlainFolders>false</RequiresPlainFolders>
  <EnableMSMediaReceiverRegistrar>false</EnableMSMediaReceiverRegistrar>
  <IgnoreTranscodeByteRangeRequests>false</IgnoreTranscodeByteRangeRequests>
  <XmlRootAttributes />
  <DirectPlayProfiles>
    <DirectPlayProfile container="ts,mpegts" audioCodec="ac3,aac,mp3" videoCodec="h264,mpeg2video,hevc" type="Video" />
    <DirectPlayProfile container="avi" audioCodec="ac3,mp3" videoCodec="mpeg4" type="Video" />
    <DirectPlayProfile container="avi" audioCodec="aac" videoCodec="h264" type="Video" />
    <DirectPlayProfile container="mp4,mov,mkv,m4v" audioCodec="aac,ac3" videoCodec="h264,mpeg4,mpeg2video,hevc" type="Video" />
    <DirectPlayProfile container="asf" audioCodec="wmav2,wmapro" videoCodec="wmv2,wmv3,vc1" type="Video" />
    <DirectPlayProfile container="asf" audioCodec="wmav2,wmapro,wmavoice" type="Audio" />
    <DirectPlayProfile container="mp3" audioCodec="mp3" type="Audio" />
    <DirectPlayProfile container="jpeg" type="Photo" />
  </DirectPlayProfiles>
  <TranscodingProfiles>
    <TranscodingProfile container="mp3" type="Audio" audioCodec="mp3" estimateContentLength="false" enableMpegtsM2TsMode="false" transcodeSeekInfo="Auto" copyTimestamps="false" context="Streaming" enableSubtitlesInManifest="false" minSegments="0" segmentLength="0" breakOnNonKeyFrames="false" />
    <TranscodingProfile container="jpeg" type="Photo" videoCodec="jpeg" estimateContentLength="false" enableMpegtsM2TsMode="false" transcodeSeekInfo="Auto" copyTimestamps="false" context="Streaming" enableSubtitlesInManifest="false" minSegments="0" segmentLength="0" breakOnNonKeyFrames="false" />
    <TranscodingProfile container="ts" type="Video" videoCodec="h264" audioCodec="aac" estimateContentLength="false" enableMpegtsM2TsMode="false" transcodeSeekInfo="Auto" copyTimestamps="false" context="Streaming" enableSubtitlesInManifest="false" minSegments="0" segmentLength="0" breakOnNonKeyFrames="false" />
  </TranscodingProfiles>
  <ContainerProfiles>
    <ContainerProfile type="Video" container="mp4,mov">
      <Conditions>
        <ProfileCondition condition="Equals" property="Has64BitOffsets" value="false" isRequired="false" />
      </Conditions>
    </ContainerProfile>
  </ContainerProfiles>
  <CodecProfiles>
    <CodecProfile type="Video" codec="mpeg4">
      <Conditions>
        <ProfileCondition condition="NotEquals" property="IsAnamorphic" value="true" isRequired="false" />
        <ProfileCondition condition="LessThanEqual" property="VideoBitDepth" value="8" isRequired="false" />
        <ProfileCondition condition="LessThanEqual" property="Width" value="1920" isRequired="true" />
        <ProfileCondition condition="LessThanEqual" property="Height" value="1080" isRequired="true" />
        <ProfileCondition condition="LessThanEqual" property="VideoFramerate" value="30" isRequired="false" />
        <ProfileCondition condition="LessThanEqual" property="VideoBitrate" value="5120000" isRequired="false" />
      </Conditions>
      <ApplyConditions />
    </CodecProfile>
    <CodecProfile type="Video" codec="h264">
      <Conditions>
        <ProfileCondition condition="NotEquals" property="IsAnamorphic" value="true" isRequired="false" />
        <ProfileCondition condition="LessThanEqual" property="VideoBitDepth" value="8" isRequired="false" />
        <ProfileCondition condition="LessThanEqual" property="Width" value="1920" isRequired="true" />
        <ProfileCondition condition="LessThanEqual" property="Height" value="1080" isRequired="true" />
        <ProfileCondition condition="LessThanEqual" property="VideoLevel" value="41" isRequired="false" />
        <ProfileCondition condition="EqualsAny" property="VideoProfile" value="high|main|baseline|constrained baseline" isRequired="false" />
      </Conditions>
      <ApplyConditions />
    </CodecProfile>
    <CodecProfile type="Video" codec="wmv2,wmv3,vc1">
      <Conditions>
        <ProfileCondition condition="NotEquals" property="IsAnamorphic" value="true" isRequired="false" />
        <ProfileCondition condition="LessThanEqual" property="VideoBitDepth" value="8" isRequired="false" />
        <ProfileCondition condition="LessThanEqual" property="Width" value="1920" isRequired="true" />
        <ProfileCondition condition="LessThanEqual" property="Height" value="1080" isRequired="true" />
        <ProfileCondition condition="LessThanEqual" property="VideoFramerate" value="30" isRequired="false" />
        <ProfileCondition condition="LessThanEqual" property="VideoBitrate" value="15360000" isRequired="false" />
      </Conditions>
      <ApplyConditions />
    </CodecProfile>
    <CodecProfile type="Video">
      <Conditions>
        <ProfileCondition condition="NotEquals" property="IsAnamorphic" value="true" isRequired="false" />
        <ProfileCondition condition="LessThanEqual" property="VideoBitDepth" value="8" isRequired="false" />
      </Conditions>
      <ApplyConditions />
    </CodecProfile>
    <CodecProfile type="VideoAudio" codec="ac3,wmav2,wmapro">
      <Conditions>
        <ProfileCondition condition="LessThanEqual" property="AudioChannels" value="6" isRequired="false" />
      </Conditions>
      <ApplyConditions />
    </CodecProfile>
    <CodecProfile type="VideoAudio" codec="aac">
      <Conditions>
        <ProfileCondition condition="LessThanEqual" property="AudioChannels" value="2" isRequired="false" />
        <ProfileCondition condition="Equals" property="AudioProfile" value="lc" isRequired="false" />
      </Conditions>
      <ApplyConditions />
    </CodecProfile>
  </CodecProfiles>
  <ResponseProfiles>
    <ResponseProfile container="avi" type="Video" mimeType="video/avi">
      <Conditions />
    </ResponseProfile>
    <ResponseProfile container="m4v" type="Video" mimeType="video/mp4">
      <Conditions />
    </ResponseProfile>
  </ResponseProfiles>
  <SubtitleProfiles>
    <SubtitleProfile format="srt" method="Embed" />
  </SubtitleProfiles>
</Profile>